<?xml version="1.0" encoding="UTF-8"?>
<project-private xmlns="http://www.netbeans.org/ns/project-private/1">
    <editor-bookmarks xmlns="http://www.netbeans.org/ns/editor-bookmarks/2" lastBookmarkId="0"/>
    <open-files xmlns="http://www.netbeans.org/ns/projectui-open-files/2">
        <group>
            <file>file:/C:/Universite/S4/App6/GitRepo/ProblematiqueApp6.X/btn.c</file>
            <file>file:/C:/Universite/S4/App6/GitRepo/ProblematiqueApp6.X/S4-GE-APP6.c</file>
            <file>file:/C:/Universite/S4/App6/GitRepo/ProblematiqueApp6.X/S4-GE-APP6.h</file>
            <file>file:/C:/Universite/S4/App6/GitRepo/ProblematiqueApp6.X/filterIIRcoeffs.h</file>
            <file>file:/C:/Universite/S4/App6/GitRepo/ProblematiqueApp6.X/filterFIRcoeffs.h</file>
            <file>file:/C:/Universite/S4/App6/GitRepo/ProblematiqueApp6.X/mcc_generated_files/adc1.c</file>
            <file>file:/C:/Universite/S4/App6/GitRepo/ProblematiqueApp6.X/mcc_generated_files/mcc.c</file>
            <file>file:/C:/Universite/S4/App6/GitRepo/ProblematiqueApp6.X/window.h</file>
        </group>
    </open-files>
</project-private>
